Ref,Val,Package,PosX,PosY,Rot,Side
"C3","10u","C_1206_3216Metric",130.685322,1.826000,-90.000000,top
"C4","10u","C_1206_3216Metric",133.098822,1.826000,-90.000000,top
"C5","10u","C_1206_3216Metric",135.512322,1.826000,-90.000000,top
"C6","1u","C_0805_2012Metric",137.755822,2.426000,-90.000000,top
"C7","1u","C_0805_2012Metric",139.829322,2.426000,-90.000000,top
"C8","22n","C_0603_1608Metric",126.634322,22.086800,180.000000,top
"C9","4u7","C_0805_2012Metric",120.986322,34.158000,0.000000,top
"C10","100p","C_0603_1608Metric",109.413322,36.038000,180.000000,top
"C11","22n","C_0603_1608Metric",109.413322,37.816000,180.000000,top
"C12","100n","C_0603_1608Metric",108.511322,30.791000,180.000000,top
"C13","10n","C_0603_1608Metric",115.839322,29.561000,180.000000,top
"C16","10n/500V","C_1206_3216Metric_Pad1.33x1.80mm_HandSolder",167.602322,22.036000,90.000000,top
"C17","100n","C_0603_1608Metric_Pad1.08x0.95mm_HandSolder",-64.028678,14.446500,90.000000,top
"C18","100n","C_0603_1608Metric_Pad1.08x0.95mm_HandSolder",-44.588678,14.433500,90.000000,top
"C19","100n","C_0603_1608Metric_Pad1.08x0.95mm_HandSolder",-27.118678,14.426500,90.000000,top
"C20","100n","C_0603_1608Metric_Pad1.08x0.95mm_HandSolder",-8.021678,14.446500,90.000000,top
"C21","100n","C_0603_1608Metric_Pad1.08x0.95mm_HandSolder",11.418322,14.433500,90.000000,top
"C22","100n","C_0603_1608Metric_Pad1.08x0.95mm_HandSolder",28.888322,14.426500,90.000000,top
"C23","100n","C_0603_1608Metric_Pad1.08x0.95mm_HandSolder",36.936322,46.727000,180.000000,top
"D1","1N4148WSF","D_SOD-323F",126.748322,24.227000,0.000000,top
"D2","VS-3EMH06-M3","D_SMA",155.704322,12.780905,-90.000000,top
"J1","USB_C_Receptacle_PowerOnly_6P","USB_C_Receptacle_GCT_USB4125-xx-x-0190_6P_TopMnt_Horizontal",117.290322,47.537600,180.000000,top
"Q1","BSC059N04LS6","PG-TDSON-8-FL_correct",125.450000,28.672000,-90.000000,top
"R1","4K7/0.4W","R_0805_2012Metric",126.517822,19.655000,180.000000,top
"R2","6K8","R_0603_1608Metric",112.270322,36.863000,-90.000000,top
"R3","63K4","R_0603_1608Metric",108.511322,29.013000,180.000000,top
"R6","L33/0.75W","R_0805_2012Metric",119.151822,27.656000,180.000000,top
"R7","22R","R_0603_1608Metric",119.128322,29.815000,0.000000,top
"R8","1M6","R_1206_3216Metric",166.268322,38.800000,180.000000,top
"R9","15K","R_0603_1608Metric",108.511322,33.069000,180.000000,top
"R10","5K1/1%","R_0805_2012Metric",100.292322,45.912000,-90.000000,top
"R11","5K1/1%","R_0805_2012Metric",95.720322,45.912000,90.000000,top
"R12","20R","R_1206_3216Metric_Pad1.30x1.75mm_HandSolder",171.666322,33.466000,90.000000,top
"R13","13K","R_1206_3216Metric_Pad1.30x1.75mm_HandSolder",-49.176678,41.566000,-90.000000,top
"R14","13K","R_1206_3216Metric_Pad1.30x1.75mm_HandSolder",-26.216678,41.566000,-90.000000,top
"R15","13K","R_1206_3216Metric_Pad1.30x1.75mm_HandSolder",6.843322,41.566000,-90.000000,top
"R16","13K","R_1206_3216Metric_Pad1.30x1.75mm_HandSolder",27.157322,41.566000,-90.000000,top
"R17","13K","R_1206_3216Metric_Pad1.30x1.75mm_HandSolder",49.509322,0.346000,-90.000000,top
"R18","100k","R_0805_2012Metric_Pad1.20x1.40mm_HandSolder",-58.821678,35.932000,90.000000,top
"R19","100k","R_0805_2012Metric_Pad1.20x1.40mm_HandSolder",-39.771678,35.932000,-90.000000,top
"R20","100k","R_0805_2012Metric_Pad1.20x1.40mm_HandSolder",-35.961678,35.932000,90.000000,top
"R21","100k","R_0805_2012Metric_Pad1.20x1.40mm_HandSolder",-16.276678,35.932000,-90.000000,top
"R22","100k","R_0805_2012Metric_Pad1.20x1.40mm_HandSolder",-2.941678,35.932000,90.000000,top
"R23","100k","R_0805_2012Metric_Pad1.20x1.40mm_HandSolder",16.108322,35.932000,-90.000000,top
"R24","100k","R_0805_2012Metric_Pad1.20x1.40mm_HandSolder",20.553322,35.932000,90.000000,top
"R25","100k","R_0805_2012Metric_Pad1.20x1.40mm_HandSolder",32.745322,39.107000,0.000000,top
"T1","WE_FB_750032051","WE_FB 750032051",141.353322,19.909000,-90.000000,top
"U1","LT3757AEMSE","MSOP-10-1EP_3x3mm_P0.5mm_EP1.68x1.88mm_ThermalVias",114.429322,32.569000,0.000000,top
"U3","TPIC6B595","SOIC-20W_7.5x12.8mm_P1.27mm",-56.488678,9.124000,0.000000,top
"U4","TPIC6B595","SOIC-20W_7.5x12.8mm_P1.27mm",-37.318678,9.124000,0.000000,top
"U5","TPIC6B595","SOIC-20W_7.5x12.8mm_P1.27mm",-19.758678,9.124000,0.000000,top
"U6","TPIC6B595","SOIC-20W_7.5x12.8mm_P1.27mm",-0.481678,9.124000,0.000000,top
"U7","TPIC6B595","SOIC-20W_7.5x12.8mm_P1.27mm",18.688322,9.124000,0.000000,top
"U8","TPIC6B595","SOIC-20W_7.5x12.8mm_P1.27mm",36.248322,9.124000,0.000000,top
"U9","SN74HCT04, 6-ch 5V logic inverter","SOIC-14_3.9x8.7mm_P1.27mm",41.635322,41.139000,90.000000,top
